Username,Text
allyson_meghan,@loonatic4chuu @femceloid aha/bha and retinol used on separate days is not a big deal unless Iâ€™m missing another active ingredient
allyson_meghan,@Liquid_Lawrence @femceloid the comments are just annoying none of them know what theyâ€™re talking about any more than she does. everyoneâ€™s skin needs different shit
allyson_meghan,@femceloid Some of us need more than two products to have clear skin lmao I hate this app
allyson_meghan,I went thru an unexpected toll so I hurriedly pulled out a random dollar and when I handed it to her some powder flew out this was us https://t.co/tObtKndHTW
allyson_meghan,@chris10holden YES and I swear itâ€™s the most denied addiction bc â€œitâ€™s a plantâ€ my guy you can still be addicted to plants lmao. You can see how anxious and irritable they get without it too.
allyson_meghan,@chris10holden REAL SHIT
allyson_meghan,@t00thfaiiry oh NOOOOOOOO I CREEPED ON SO MANY PEOPLE
allyson_meghan,fool me once thatâ€™s ok â˜ºï¸ fool me twice no really itâ€™s ok I understand ğŸ¥° fool me thrice seriously donâ€™t worry about it totally fine ğŸ’•ğŸ’—ğŸ’–ğŸ’—ğŸ’“
allyson_meghan,@RISKYBISQU3 but the end is so scary and sad ğŸ˜­ it fucks me up
allyson_meghan,@aphrobeesiac @ThePopTingz SAME I swear I have a deficiency
allyson_meghan,@ZorayaBlack_ No sheâ€™s just insecure and doesnâ€™t realize she could have better
allyson_meghan,@RISKYBISQU3 sounds terrifying
allyson_meghan,@ThePopTingz No fucking shit itâ€™s junk food with zero nutritional value. Still gonna devour those hoes
allyson_meghan,@Heydavinaa_ story of my life lmao
allyson_meghan,@myceliummidwife @goseroldmusic https://t.co/nyEyMUcZrV
allyson_meghan,@goseroldmusic @myceliummidwife I hate you on a molecular level
allyson_meghan,@myceliummidwife @goseroldmusic what ğŸ˜­ğŸ˜­ğŸ˜­ğŸ˜­ğŸ˜­ for what reason
allyson_meghan,@goseroldmusic I wouldâ€™ve started crying
allyson_meghan,Kylie Jenner trust you will be dealt with ğŸ˜
allyson_meghan,@mitchoo_oo I need him
allyson_meghan,@fiImgal she said DIEâ€” lmfaoooooo
allyson_meghan,idc what anyone says this is the happiest song in existence and I love it. when the trumpets come in????? masterpiece https://t.co/ItoQGyhbKv
allyson_meghan,@HansByers2 @NicholasPas5 this has to be a joke
allyson_meghan,SHOUT IT FROM THE ROOFTOPS
allyson_meghan,@myceliummidwife Tripled checked my pockets that night too I must have been SLOPPY
allyson_meghan,@Liquid_Lawrence @_courtneyblvk No I love him I just feel like heâ€™s had other songs that were just as popular if not more. Esp as Corbin
allyson_meghan,@MouthTastes @terribleMirrors @TheBrometheus @user84829272 LMFAOOOOOO
allyson_meghan,@_courtneyblvk how is this a one hit wonder
allyson_meghan,Update: I am even stupider than I thought https://t.co/HfylsEU8Ms
allyson_meghan,goddamn bro I just want to be romanced sometimes
allyson_meghan,@thottyguhh @plutoxmcnasty @zenjayg @Leomarieeee Pluto understand? ğŸ˜­ğŸ˜­ğŸ˜­ğŸ˜­
allyson_meghan,@myceliummidwife thank youğŸ¥¹ğŸ’—
allyson_meghan,need all the positive thoughts and good luck sent my way this morning!!!!
allyson_meghan,@goseroldmusic @themeredith what if I want them all ğŸ¥µ
allyson_meghan,@goseroldmusic @myceliummidwife I have literally been confused all day Iâ€™m glad you said it first lmfaooooo
allyson_meghan,one time I went to Buffalo Wild Wings coming down from acid and I started crying about how much I love Mac and cheese and the waitress gave me another order for free lol
allyson_meghan,@sianjh_ you sound boring as hell
allyson_meghan,getting anxious about how to respond bc we know itâ€™s already been too long. or Iâ€™m just hungover
allyson_meghan,@djarinluck Iâ€™m going to start smoking cigarettes just in case I meet Pedro
allyson_meghan,@goseroldmusic itâ€™s an implication of danger
allyson_meghan,"@TheCCornerStore @SuchHate @OliLondonTV @MACcosmetics we had womens marches and yâ€™all talked shit about that too. You donâ€™t support women, youâ€™re only mentioning it now bc it fits your transphobic narrative."
allyson_meghan,@KatrinaPanova @OliLondonTV I wouldnâ€™t suggest it with that face ğŸ˜¬ğŸ˜¬ğŸ˜¬ğŸ˜¬
allyson_meghan,dennis are you hurting these women
allyson_meghan,@Madame_Rose07 @thechosenberg how many damn positions do you need during one session lmao what? 3 is fine
allyson_meghan,Liberal vegetarian italian girl with debilitating anxiety substance issues and a tendency to let things build up until I blow up at the worst possible moment ğŸ¥°
allyson_meghan,@Shomicita I think people who get mad at shit like this are resentful bc they know itâ€™s true.
allyson_meghan,@inglewoodSiR You wonâ€™t
allyson_meghan,@PasswordSuck2 @b4s_burner @aurabogado @LiberalsQuiet Are you kidding? Itâ€™s petty to vilify someone for saying theyâ€™d be turned on by their gf getting raped???????? Thatâ€™s not just a dumb joke.
allyson_meghan,someone cashapp me for a pizza bc Iâ€™m cute and pretty and beautiful
allyson_meghan,being obsessed with eating meat is so conservative-coded
allyson_meghan,@wantedbythehoes I need this energy fr I would be so rich
allyson_meghan,@sewercult @bondingovercigs @25lambs nah fr where is it coming from ğŸ˜­ğŸ˜­ğŸ˜­
allyson_meghan,@rabzdabz @25lambs Yea I wouldnâ€™t even wait to find out he cheated id just go ahead and pack up my shit the second I saw this
allyson_meghan,@Liquid_Lawrence Yea Iâ€™m terrible about drinking enough water when Iâ€™m out. I need to start chugging liquid IVs before bed ğŸ« 
allyson_meghan,@Liquid_Lawrence Bro YES thatâ€™s the worst part. I never used to have mental effects. I get shaky and sometimes I have a hard time even driving bc Iâ€™m so anxious itâ€™s so weird! Getting old sucks ass ğŸ˜­
allyson_meghan,@SomaKazima He said â€œahhhhğŸ˜â€ ğŸ˜­ğŸ˜­ğŸ˜­ğŸ˜­ğŸ˜­
allyson_meghan,I love all of them but I keep coming back to watch dude who looks like he just witnessed the live birth of Jesus lmao I just know his ass is peaking at the perfect moment
allyson_meghan,the molly is mollying lmao
allyson_meghan,Iâ€™m so annoyed that my body canâ€™t handle partying anymore. like I swear it all just hit me within the past year and itâ€™s so lame ğŸ˜­
allyson_meghan,@Liquid_Lawrence ğŸ˜‚ğŸ˜‚ğŸ˜‚ğŸ˜‚ğŸ˜‚ literally me I was just extremely fucked up and I didnâ€™t even think about it I was like oh Iâ€™m sure itâ€™ll get back to me lmfaoooo
allyson_meghan,handed my fucking house key to a stranger last night and now I have no idea where it is. I love my life I am so smart and good at being normal
allyson_meghan,@notsixela Itâ€™s not scary but itâ€™s definitely weird and kinda gross
allyson_meghan,@goseroldmusic spoke too soon lil dude is fucked up
allyson_meghan,@goseroldmusic tbh I donâ€™t think heâ€™s even getting high since itâ€™s not an edible he seems fine but one time my other dog ate 200mg of gummies and dude was STRUGGLING
allyson_meghan,@goseroldmusic If he doesnâ€™t die tonight heâ€™s getting put in timeout all weekend ğŸ˜ 
allyson_meghan,@TheVampireYouth I want her to fold me like that pasta
allyson_meghan,my dog just ate the only preroll I had left ğŸ™‚
allyson_meghan,Ill never beg anyone to open up to me. if you canâ€™t be intimate get right with yourself before you start dating
allyson_meghan,@nu_mindframe is there anything in the middle bc Iâ€™m starting to think itâ€™s all a trap lmao
allyson_meghan,@Aksents_DCR @DijahSB this is the one bro had a whole I Have a Dream moment in the middle of that sex song ğŸ˜­
allyson_meghan,the concept of â€œfavorite exesâ€ does not compute to me lmfao
allyson_meghan,I love being a pretty girl I had to deliver to a dispensary last night and the guy gave me a bunch of free shit in exchange for my snap ğŸ˜
allyson_meghan,@CEOoGiantFetish @aphrobeesiac Iâ€™m crying ğŸ˜­ and came through with ALL the recs!!!!!
allyson_meghan,@redzeogaming check back in after 2 weeks ğŸ«¡
allyson_meghan,@chris10holden brooooo I tried one of those a while back but I forgot about it omg
allyson_meghan,@aphrobeesiac HAHAHAHAHA it was so wholesome I almost didnâ€™t wanna tell u
allyson_meghan,@aphrobeesiac I was talking about vapes babeğŸ˜­ğŸ˜­ğŸ˜­ğŸ˜­ but those dip bars are fire you so right
allyson_meghan,okay lately my elf bars seem like they have no flavor and itâ€™s annoying do yâ€™all have recommendations for other brands
allyson_meghan,theyâ€™re turning the beers gay!!!!!
allyson_meghan,@Theholisticpsyc you read me to filth with this thread ğŸ˜®â€ğŸ’¨
allyson_meghan,@FilmUpdates https://t.co/95YQmN94OD
allyson_meghan,itâ€™s your free trial period
allyson_meghan,@brigid_mason @helen the last one ğŸ˜­ğŸ˜­ğŸ˜­ğŸ˜­ğŸ˜­
allyson_meghan,YOOOOO this is real tho holy shit
allyson_meghan,@mother_of_gup I donâ€™t hate that one as much as the rest itâ€™s just so BLAND but youâ€™re def right it could be cute with gold jewelry and a fun bag
allyson_meghan,@RISKYBISQU3 It makes me physically angry
allyson_meghan,@AKBrews I know Iâ€™m not ready to have kids yet bc this sounds great to me
allyson_meghan,@myceliummidwife WAIT WAIT mens skinny pants are still ğŸ˜˜ğŸ¤ŒğŸ¼
allyson_meghan,whatever this nerdcore ass business casual style is it shouldâ€™ve been left in 2012 with the mustache trend. You can dress for work without looking like an extra from the Big Bang theory. put the skinny trousers DOWN https://t.co/i2de1T7nrZ
allyson_meghan,AKA grown ass man cherry picks 20 yr olds who arenâ€™t sure of their own opinions as guests bc he knows if he put on a woman who actually knew how to debate heâ€™d get dunked on immediately. these clips are all the same. I want to punch his little rat face
allyson_meghan,@myceliummidwife fr it wonâ€™t be enough until every womanâ€™s internal organs are stored in her ass apparently
allyson_meghan,yâ€™all take pics of already beautiful women with amazing bodies and STILL photoshop that shit we are so doomed
allyson_meghan,@mindypatinkin @kidasnow !!!!!!
allyson_meghan,@Bobbertfrasier @theesilverjew hm Iâ€™ll have to use that excuse next time I do anything Iâ€™m embarrassed about
allyson_meghan,@badgalbetsy @Tostky @theesilverjew wow youâ€™re sooooo edgy
allyson_meghan,itâ€™s 9 am ğŸ¥²
allyson_meghan,@paulcritchlow @theesilverjew https://t.co/DhnhmdroHJ
allyson_meghan,this man just called my office and he was like â€œhello allysonâ€ in the scream voice and I was mid-panic when he coughed and said â€œIâ€™m so sorry Iâ€™m from amazon just trying to schedule a delivery and my throat did a weird thingâ€
allyson_meghan,@theesilverjew why are yâ€™all acting like this is the peak of comedy this is the kinda insult you hear in a middle school cafeteria dude is racist AND heâ€™s bad at it
allyson_meghan,@Tostky @theesilverjew so getting racist after a few drinks is suddenly acceptable? Lmao
allyson_meghan,@britneyqueers_ @cooIboobs sheâ€™s beautiful ğŸ¥¹
allyson_meghan,@Ravinflaminelmo girl you got this!!! Gym anxiety is the worst but in my experience almost everyone there wants to see you succeed and is happy to helpğŸ’—
allyson_meghan,@chris10holden OKAYYYYYğŸ¥µ
allyson_meghan,@goseroldmusic Objection your honor https://t.co/HqaqQdBFwU
allyson_meghan,@cooIboobs nothing in this world makes me more enraged than trying to open these fuckers. Iâ€™m making mac and cheese for dinner as a grown adult woman Iâ€™m obviously not in the mood to conquer an Olympic feat
allyson_meghan,boyfriend reveal ğŸ¤ª https://t.co/amgYwmh0P6
allyson_meghan,what is the fucking point (seriously)
allyson_meghan,I love Coachella bc itâ€™s the one time celebrities be messy as hell doing drugs and kissing exes in front of everyone like the rest of us
allyson_meghan,@DATBOYCONROY resentment and conflict avoidance ğŸ«  People suck at communicating these days
allyson_meghan,I truly have never been enough lmao
allyson_meghan,it turns out when you practice something daily and work hard on it you stop sucking and get better. like in the sims 3!!!! who knew
allyson_meghan,if you have my voodoo doll can you give it a gentle forehead kiss
allyson_meghan,@katyswill @justme2147 @jupitersembrace animals donâ€™t have morals lmfao
allyson_meghan,@aphrobeesiac This!!!! People act like love isnâ€™t subjective. Itâ€™s not like youâ€™re committing to marriage itâ€™s just an expression of affection.
allyson_meghan,@goseroldmusic LMFAOOOOO FR my friends pushed me in front of the devil man and I cried
allyson_meghan,I just want everyone to know that i donâ€™t mean to leave my texts and dms unread and itâ€™s not you it is me I just forget or get overwhelmed and I know I have terrible communication skills I am working on it but I love you all kiss kissğŸ¥¹
allyson_meghan,@goseroldmusic I lost my virginity at the international balloon fiesta Albuquerque
allyson_meghan,@aphrobeesiac iâ€™m either that or a psychopath
allyson_meghan,what the fuck bro pls say sike
allyson_meghan,in 6 months I am gonna be even happier in a new state with a new job and new people and enough money to full send all the events I want amen
allyson_meghan,@aphrobeesiac I truly donâ€™t even notice them anymore
allyson_meghan,I currently have 3 going off at different intervals they keep me company â˜ºï¸
allyson_meghan,@LukePressley4 @AustinVondra1 @ChristnNitemare @user7777701 itâ€™s wild that there are still people who think this way bro YOU ARE IN A CULT
allyson_meghan,why is it always wyd and never you have bewitched me body and soul and I love I love I love you and never wish to be parted from you from this day on
allyson_meghan,we all have random piles we need to sort through all over the place thatâ€™s life
allyson_meghan,@aphrobeesiac ahhh yay ima look them up tonight ğŸ¥°
allyson_meghan,@goseroldmusic lmfaoooooooğŸ˜­ğŸ˜­ğŸ˜­
allyson_meghan,@RISKYBISQU3 this is obviously about me
allyson_meghan,@mother_of_gup @Bbqtiddiez same this was me and my situationships song he just didnâ€™t know it ğŸ¥°
allyson_meghan,@druidDUDE ok I couldâ€™ve sworn I finished the show but these replies are making me think otherwise bc HUH
allyson_meghan,@annataylormoore @nevermindordo @milatequilayt this is very mild lol Iâ€™m sorry but cmon
allyson_meghan,no babe itâ€™s actually so funny when you say â€œwell if you insistâ€ every time I say â€œfuck meâ€ out of frustration. please keep doing it
allyson_meghan,shouldâ€™ve told yâ€™all I donâ€™t like house or techno ğŸ˜¬ğŸ˜¬
allyson_meghan,@myceliummidwife oh shiiii
allyson_meghan,@goseroldmusic the lesson here is that being dramatic always gets you what you want ğŸ˜Œ
allyson_meghan,@aphrobeesiac oh shit you have taste
allyson_meghan,@stupid0slut @aphrobeesiac WHAT!!! thatâ€™s crazy to me I would go insane if I saw him. When people ask me whoâ€™s the one person Iâ€™d wanna have dinner with itâ€™s him. He just seems so introspective I feel like he has so much to say about the world and I really love his character in Atlanta
allyson_meghan,@aphrobeesiac Me either!!! Iâ€™ve never understood stan culture but heâ€™s that one person for me. Heâ€™s just so talented and attractive and smart ğŸ¥µ
allyson_meghan,fine Iâ€™ll just google it assholes ğŸ˜
allyson_meghan,what are yâ€™allâ€™s edm underrated gems I need more obscure shit so I can cosplay being cool
allyson_meghan,@aphrobeesiac holy shit I will do whatever it takes to meet that man ğŸ˜­
allyson_meghan,hypochondriac being number one oof ğŸ˜­ https://t.co/vobob5syUp
allyson_meghan,@Bbqtiddiez affection is so good ğŸ¥¹
allyson_meghan,@Bbqtiddiez @lindawg to be honest I loved it ğŸ˜‚ like def wouldnâ€™t win any awards but I still enjoy watching it to this day
allyson_meghan,@FourOdells @lindawg Yea and also the part where you know who dies. Was not expecting him to be a minor character lmao
allyson_meghan,@lindawg @Bbqtiddiez Remember me!!!
allyson_meghan,@Bbqtiddiez @lindawg Craziest ending ever bro shit had my jaw DROPPED
allyson_meghan,@merrittk Idk man I had to do this to an ex best friend bc I knew she would never take accountability and when I blocked her she ended up stalking &amp; blackmailing me for months. I donâ€™t owe anyone â€œclosureâ€ if theyâ€™ve repeatedly done things to disturb my peace ğŸ¤·ğŸ¼â€â™€ï¸
allyson_meghan,this is literally the intro to American psycho
allyson_meghan,wish I had someone I could ask to go get me things from the store when Iâ€™m hungover but no Iâ€™m alone this is the worst I might die
allyson_meghan,@lindawg this shit https://t.co/91LQUg2uqT
allyson_meghan,@UofOklahoma Jesus why would yâ€™all phrase it like a football game cheer
allyson_meghan,crazy when a bitch hates on you bc HER boyfriend tryna fuck you. now how is that my business I didnâ€™t do nothing but stand here and look pretty
allyson_meghan,@chris10holden I want him to have my babies
allyson_meghan,Iâ€™m a little drunk so excuse my French but if I donâ€™t get my [redacted] absolutely [redacted] soon Iâ€™m gonna lose my mind
allyson_meghan,@mariibvby They gotta look almost raw in the middle when you take â€˜em out. Let the edges barely set then leave them on the pan to cool for an hour or so &amp; keep them in a Tupperware after that
allyson_meghan,@uncooljerk donâ€™t come for me but some of this is fun if you like being edged ğŸ«£
allyson_meghan,Atlanta is suuuuch a good show dude donald glover really put his whole childish gambussy into that shit
allyson_meghan,@ClayTravis how does this affect you at all? Quickly
allyson_meghan,me reading this ğŸ˜ğŸ˜ŸğŸ˜ğŸ¥°ğŸ™â˜¹ï¸
allyson_meghan,@SATlSFYD Iâ€™m ending it all
allyson_meghan,@DTHairflap @saku39dai39 @nytimes shut up nerd
allyson_meghan,@TheCosmeticLane ok whatâ€™s the dr name cause holy shit
allyson_meghan,@BTeah Stick it all in a tampon (or multiple) then reseal the box with superglue and take it in your carryon
allyson_meghan,yâ€™all know when you can tell someones lying to you but itâ€™s like lemme see how long they carry this out tbh not even mad just amused that you think Iâ€™m this stupid ğŸ¥°
allyson_meghan,@sophiaxbaby Nobody ever recognizes the reference when I say it ğŸ˜­ğŸ˜­ğŸ˜­
allyson_meghan,oh the weather outside is weather
allyson_meghan,if people wanna see you theyâ€™ll make it happen so I donâ€™t go out of my way for that shit anymore.
allyson_meghan,this is so damn real bro
allyson_meghan,idk I just think if youâ€™re not obsessed with me whatâ€™s the point
allyson_meghan,@dox_gay â€œthe massesâ€
allyson_meghan,@Bbqtiddiez nah but I come visit sometimes! also you always have a place to stay if you wanna come out here ğŸ˜Œ
allyson_meghan,@Bbqtiddiez name a time and place itâ€™s been a long time coming ğŸ˜©ğŸ«¶ğŸ¼
allyson_meghan,@Bbqtiddiez stop youâ€™re literally an angel
allyson_meghan,@diandrasdiandra the mischievous music ğŸ˜­
allyson_meghan,this scared the shit out of me I thought he did something bad for a hot second ğŸ˜­ğŸ˜­ğŸ˜­
allyson_meghan,miss waking up to morning wood on my ass &lt;/3
allyson_meghan,need him so bad https://t.co/jkT1gRueYh
allyson_meghan,@TheVampireYouth Love uğŸ˜š
LegalizeRats,https://t.co/DQtwl0JpOO
LegalizeRats,https://t.co/10xiVno55g
LegalizeRats,"Adjustable Rat Leash ğŸ€âœ¨

https://t.co/v0Nkt2KuE2"
LegalizeRats,lap chonker https://t.co/TR0UIkfSwC
LegalizeRats,HAPPY RATURDAY âœ¨ https://t.co/cE2EbvQlRs
LegalizeRats,https://t.co/vOoZA0viRd
LegalizeRats,"Portable Ratatouille, very rare https://t.co/zjqp5wCdJP"
LegalizeRats,https://t.co/SgWmeI6gHA
LegalizeRats,"BIG RAT BIG RAT ğŸ€

https://t.co/NZcdkHaMPR"
LegalizeRats,Itâ€™s Friday doods https://t.co/YNYNhXdNZl
LegalizeRats,let me play you a tune ğŸµ https://t.co/XEdMQ2bcoy
LegalizeRats,https://t.co/ZlE9Q74Ngp
LegalizeRats,The most powerful dragon ğŸ‰ https://t.co/4O1hTd1gh7
LegalizeRats,https://t.co/xK6obS0M9I
LegalizeRats,https://t.co/fLDGLsolpg
LegalizeRats,https://t.co/SJbMCWIHDF
LegalizeRats,look https://t.co/rLDSjOzGNG
LegalizeRats,https://t.co/vT1zy09w63
LegalizeRats,blep https://t.co/PIkOCiPxtG
LegalizeRats,Squeaky squeaks brrr squeak.
LegalizeRats,https://t.co/yY1Acg3T12
LegalizeRats,ITS RAT THURSDAY ğŸ˜¯ https://t.co/YmZgnurLwX
LegalizeRats,https://t.co/sePqcwsNFM
LegalizeRats,new rat just released https://t.co/CM6bFqseyk
LegalizeRats,https://t.co/bTI2gHaLWm
LegalizeRats,rat belly https://t.co/fcmdrphj8Q
LegalizeRats,rats are one of the smartest animals on earth https://t.co/VkL7WS8lp9
LegalizeRats,Controller Mod https://t.co/6oDJzZuieq
LegalizeRats,FLAT. https://t.co/OphqyXqM2A
LegalizeRats,road trip! ğŸš™ https://t.co/VX6MrjXDjz
LegalizeRats,ğŸ€â¤ï¸
LegalizeRats,Best Rat - 2005 https://t.co/azRmVFrCqD
LegalizeRats,Shhhhhh
LegalizeRats,he is learning https://t.co/F6uNJw6wrx
LegalizeRats,https://t.co/ho8hcPk57K
LegalizeRats,Me. https://t.co/KykIwN2LR1
LegalizeRats,"You can now buy a rat (me) a pizza ğŸ• â¤ï¸

https://t.co/MGC1mg4VA5"
LegalizeRats,grabbin some late night snacks brb https://t.co/2VjG9bcR75
LegalizeRats,https://t.co/DIJhxc8qYb
LegalizeRats,https://t.co/tYH5U0NZlG
LegalizeRats,https://t.co/cBYAL17wpR
LegalizeRats,sup fellas https://t.co/GejO2UL6Ot
LegalizeRats,https://t.co/lFU1aQQfBc
coopeydough,Maturing is realizing that new Yachty is way better than old Yachty ğŸ«¡
coopeydough,Finally hit my first cop on SNKRS ğŸ˜­ğŸ˜‚
coopeydough,Quinn so inspirational
coopeydough,Gotta love the hate at the end of the day ğŸ™‡ğŸ½â€â™‚ï¸
ohhhhhkaaay,"Last day of April, I pray and hope May to be better."
ohhhhhkaaay,Somewhere between emotional and emotionless
ohhhhhkaaay,"In term of favoritism, I never win.
When it comes to priority, I know
I'm just their option.
I am always the second or the last, never
been a first choice and never been
someone's favorite."
ohhhhhkaaay,i literally canâ€™t sleep without hugging something
ohhhhhkaaay,https://t.co/XOhaPvBZy7
ohhhhhkaaay,iâ€™m tryna disappear and travel the world with the loml
ohhhhhkaaay,I deserve someone who thinks I'm too important to lose.
ohhhhhkaaay,no more expectations from anyone
ohhhhhkaaay,I don't know what kind of rest should I do to be able to regain myself
ohhhhhkaaay,the best thing i did for myself.. i stopped chasing someone who was okay with losing me
ohhhhhkaaay,maybe he likes you but he never saw you as the girl heâ€™d take the risk for.
ohhhhhkaaay,i played dumb but i always knew
ohhhhhkaaay,nakakapagod na pero may mas pagod pa pala. https://t.co/IXFbd2QVlJ
ohhhhhkaaay,no offense to myself but wtf am i doing
ohhhhhkaaay,"When i feel ignored, I distance myself"
ohhhhhkaaay,the audacity to think iâ€™ll be nice 2 u after being disrespected ğŸ¤¡ğŸ¤¡
ohhhhhkaaay,hearing â€œim proud of youâ€ when you're having a hard time hits different
ohhhhhkaaay,maybe u just miss the memories and not the person
ohhhhhkaaay,jealousy can break a whole mood
ohhhhhkaaay,"I don't want to be hurt again so I started to become quiet, I stopped expecting. I'm starting to care less each day."
ohhhhhkaaay,i hope youâ€™re having the best day ever :) u got this
ohhhhhkaaay,i defended ur name when everybody spoke so badly so badly of u
ohhhhhkaaay,"i either talk too much, or i don't talk at all"
ohhhhhkaaay,i hate when i canâ€™t explain the shit i feel
ohhhhhkaaay,"Donâ€™t get mad, get distant."
ohhhhhkaaay,I'm starting to realize that maybe being by myself is actually better than surrounding myself with people who make me feel alone.
ohhhhhkaaay,iâ€™m so lost inside my head
ohhhhhkaaay,i wanna be hugged
ohhhhhkaaay,"Youâ€™re already blessed in so many ways, focus on that."
ohhhhhkaaay,sometimes home is a person
ohhhhhkaaay,i want that â€œdamn they still togetherâ€ type of love
ohhhhhkaaay,"apology accepted, trust gone"
ohhhhhkaaay,i defended ur name when everybody spoke so badly so badly of u
ohhhhhkaaay,my phone will be on dnd but ill still reply in 2 minutes
ohhhhhkaaay,"bruh if she asks abt it, she already knows abt it."
ohhhhhkaaay,i wanna be hugged
ohhhhhkaaay,i be like â€œyeah its fineâ€ then suffer in silence
ohhhhhkaaay,i don't care *cries*
ohhhhhkaaay,everything is just so heavy rn
ohhhhhkaaay,"be clingy with me, i love that."
ohhhhhkaaay,i lost all my communication skills
ohhhhhkaaay,"feeling unwanted changes you a lot, tbh"
ohhhhhkaaay,"if they want u, they'll make u feel wanted"
ohhhhhkaaay,"bruh if she asks abt it, she already knows abt it."
ohhhhhkaaay,its attractive when someone is crazy about you and isn't afraid to show it
ohhhhhkaaay,i rather lose the chance than take the risk.
ohhhhhkaaay,mentally idk where tf iâ€™m at
ohhhhhkaaay,at least iâ€™m trying
ohhhhhkaaay,normalize unsending messages when it was ignored.
ohhhhhkaaay,a listener needs a listener too
ohhhhhkaaay,"First, know your worth. Second, control your emotions. Third, never settle."
ohhhhhkaaay,I wish I had someone that was excited to talk to me everyday
ohhhhhkaaay,i hope u realize how hard i'm trying
ohhhhhkaaay,"soon, tayo naman yung magkakabahay, magkakaroon ng kotse at magiging financially stable, claim it!"
ohhhhhkaaay,Not sure if I need a hug or get hit by a car.
ohhhhhkaaay,i been treated like a second option by a lot of people i treated as a priority.
ohhhhhkaaay,i think the best memories always remains unphotographed.
ohhhhhkaaay,hugs are so healing
ohhhhhkaaay,I be like â€œI have to studyâ€ then lay down for hours
ohhhhhkaaay,Iâ€™m mentally exhausted.
ohhhhhkaaay,iâ€™ll be forever jealous of effortlessly smart people. :(
ohhhhhkaaay,"in my ""eme"" era"
ohhhhhkaaay,i miss you so bad
ohhhhhkaaay,you're the risk i'm willing to take
ohhhhhkaaay,â€œu okay?â€ no i wanna die
ohhhhhkaaay,i wanna talk but it's feel like i disturb you.
ohhhhhkaaay,"""u miss me?"" i miss us"
ohhhhhkaaay,I wish https://t.co/6ZLD2ctaBK
ohhhhhkaaay,Itâ€™s hard to explain. So I kept quiet.
ohhhhhkaaay,"it's you and me, that's my whole world"
ohhhhhkaaay,"hi love, i love u. i love u. i love u"
ohhhhhkaaay,im sorry if sometimes im not good enough.
ohhhhhkaaay,"I canâ€™t do anything about it, except to just cry."
ohhhhhkaaay,ohhhhhhhh (i still donâ€™t understand)
ohhhhhkaaay,all of me is tired
ohhhhhkaaay,I hate when i get so much anxiety itâ€™s hard for me to breathe.
ohhhhhkaaay,Lowkey hurt but oh well thatâ€™s life
ohhhhhkaaay,treating a girI right is not simping
ohhhhhkaaay,We all a villain in someoneâ€™s story
ohhhhhkaaay,I want someone who knows how to handle me when I canâ€™t handle it.
ohhhhhkaaay,i read our chats when i miss you.
ohhhhhkaaay,take a moment to be proud of yourself for surviving the days that felt impossible.
ohhhhhkaaay,yes girl! we're all in our single era rn.
ohhhhhkaaay,i guess i'm stuck forever by the glue oh and you
ohhhhhkaaay,watching someone glow after witnessing their darkest moments makes my heart happy.
ohhhhhkaaay,I never faked my love &amp; care for someone.
ohhhhhkaaay,"there's this gladness that i feel whenever someone enthusiastically tells me about their day, giving me the details, leaving out no special moment in the telling. it's a nice feeling to know that the person doesn't want you to miss something about what they've been up to."
ohhhhhkaaay,"No matter what, Iâ€™ll still care."
ohhhhhkaaay,If you see me happy just know I deserve that shit
ohhhhhkaaay,i will never give my all again
ohhhhhkaaay,I miss my favorite person right now.
ohhhhhkaaay,I miss my favorite person right now.
ohhhhhkaaay,im tired but still trying
ohhhhhkaaay,remember to process the good things too
ohhhhhkaaay,first day of april i cried.
ohhhhhkaaay,https://t.co/2mjjoxGg3C
amiraamou,Regret
amiraamou,Semoga diri ini diberi kesihatan untuk menyambut raya esok
amiraamou,Internet start slow doh
amiraamou,Suddenly feel regret for something...
amiraamou,"Kuasa Allah.  Jodoh, maut, perjalanan hidup kita ni Allah dah tulis. Cuma kita aje perlu berusaha, memang sakit, tapi percayalah apa yang Allah tulis untuk kita untuk itulah yang terbaik."
amiraamou,"but that's not the end. I always thought maybe I should change my career to become a teacher... It's just a dream and thought, but then it's happen so suddenly. Alhamdulillah for that, I mean I still cannot believe that it can happen like that."
amiraamou,"From my story, I learnt that in our life everyday is truly mystery... we don't even know what will happen in a second. Everything just took a minute for things to change. Like I never imagine myself to even resign from KKM. I thought I'll just wait until I get permenant position"
amiraamou,Xdok mood lah nyo nok beriftar iftar ramai2 ni... xtahu bakpo sejak dulu lagi... suko beriftar xramai2 ğŸ¤”
amiraamou,seronok tu seronok... tapi penat
amiraamou,"duduk Klinik keno join group Inovasi dan Kreatif... Mari sini keno ngajar reka bentuk dan teknologi pulok... hahahaha Amira meme x lari dari kreatif dan inovasi bokali. Kreatif lah sangat, x nyesal pulok sero masuk KIK, hari tu sero nyesal ğŸ¤­."
amiraamou,"Tiba2 rasa x sia2 masuk KIK... betul lah, setiap benda yang berlaku banyak hikmah tersembunyi"
amiraamou,"Dekat tiktok ada nampak satu quotes tadi, a sky can only be seen from far... not reaching for it. Deep."
amiraamou,"Tomorrow is a new beginning, open a new chapter in my life, meet many new people... that's how life..."
amiraamou,"lepas confess buat xtahu, macam biasa, kalu jumpa gaduh... xfaham sungguh lah... Maybe kawan lagi better kot ğŸ¤”

Xpernah terjadi agaknya, lepas confess esok gaduh ğŸ˜‚.

Biarkan macam tu lagi baik kot. 

End of story."
amiraamou,Penat wak sekut rayo ğŸ¥´
amiraamou,Pakat duduk wak sekut rayo... sis terpengaruh jugok eh nok wak... ğŸ¤­
amiraamou,Ada seseorang mendoakan kita tu dah cukup terharu ğŸ˜­
amiraamou,SekurangÂ²nya dia bagi nasihat yang berguna... biarlah kita ingat sebagai last kenangan
amiraamou,Penat pindah randah ni... rasa nak tinggal semua barang kat sini aje
amiraamou,I think I got the answer already... now... it's time to move on
amiraamou,Punya berdebar tahap lain macam
amiraamou,Settle confess... kita fokus benda lain pulak... banyak lagi list nak kena settle
amiraamou,Settle...
amiraamou,"Someone told me before "" In whatever you did... just don't look back anymore... just don't... you've done your best. Things happen for a reason."""
amiraamou,The journey is still long... semoga Allah sentiasa permudahkan jalan ini.
amiraamou,From now on... there's no turning back... no looking back... it is what it is
amiraamou,Tapi... xpo kea... bukea jupo doh pun pah ni kea...ğŸ™‚
amiraamou,Kalu kito tahu doh jawape... perlu jugok ko?
amiraamou,Nok confess ko x sir ni eh? ğŸ˜ª
amiraamou,If I gone... will you be sad?
TadeuszGiczan,"@mazoe71 The guy who took the picture says it's also in Russian and Polish, I'm curious to see them myself"
TadeuszGiczan,New billboards put up on the Polish-Belarusian border. That's what you get when you purge all your English teachers
TadeuszGiczan,"If you're in London this week and fancy a crash course in all things Belarusian (and a visit to London's first wooden church built since 1666), come along to the annual Belarusian Studies Conference this Friday and Saturday. #belstudies More info: https://t.co/Z1ebDFQvR6 https://t.co/ul9r8RNRb2"
TadeuszGiczan,"@Vokabre Yes, these guys are wild"
TadeuszGiczan,"Man, honestly, I thought it was just a decoration. I wish I hadn't asked https://t.co/WXYGdKnAX1"
TadeuszGiczan,"The Vatican Museum is overrated, but on the positive side you can buy a Vatican national football team shirt in the gift shop and worship the Great Pine Cone guarded by Egyptian lions, in the old Catholic tradition. https://t.co/uA1PnQqnW0"
TadeuszGiczan,@LPiesiewicz MogÅ‚yby staÄ‡ obok siebie jak podczas Expo 1937 w ParyÅ¼uğŸ«¡ https://t.co/ue9XkkGYHQ
TadeuszGiczan,@V_Saldziunas https://t.co/ryO0pKCfLt
TadeuszGiczan,"Didn't expect the Colosseum to be so boxy tbh. Still, makes a nice background. Decided to take a pic for a campaign poster in case I ever decide to run for conservatives https://t.co/rCDjFALZgD"
TadeuszGiczan,"@Vokabre They are top baths, but I prefer Diocletian's"
TadeuszGiczan,@peter84zg HBO Rome series set at Cinecitta Studios in southeastern Rome
TadeuszGiczan,@0xtaake It's an HBO Rome series set at Cinecitta Studios in southeastern Rome;)
TadeuszGiczan,@pdick10 You bet! https://t.co/B8IcByqJEA
TadeuszGiczan,"@gunthera_mws U nas w Lacjum 20-25 stopni, w sam raz do Å‚aÅ¼enia po mieÅ›cie i podziwiania zabytkÃ³w. Nad morzem nie byÅ‚em, ale wydaje mi siÄ™, Å¼e woda jeszcze ciut za zimna. No ale kto co lubi"
TadeuszGiczan,"@aravosis I saw lots of negative reviews before deciding to go there but it went surprisingly smoothly, you can even book tickets online these days (since very recently, I imagine). Pretty cool to walk through the live Rome once you've seen what's left of it https://t.co/ks9cOHtgz1"
TadeuszGiczan,@gunthera_mws Si Signore!
TadeuszGiczan,First time in Rome and have already found a much better preserved ancient site than the overhyped Forum. https://t.co/exOMdAFJR6
TadeuszGiczan,"@mimiliuk Yeah, the ominous 'ÑĞ¸Ğ½Ğ¸Ğ¹ Ğ±ÑƒÑĞ¸Ğº'. If you know you know"
TadeuszGiczan,@maxseddon Straight from Soviet paintings depicting Nazi collaborators https://t.co/K3ySM9qFkV
TadeuszGiczan,"Warsaw Modlin Airport has been turned into a film set depicting Minsk Airport with the Belarusian coat of arms, navigation signs, taxis and stuff. On a normal workday. A Belarusian couple said they nearly had a heart attack after landing and passing through the arrivals https://t.co/tY3LoTF11b"
TadeuszGiczan,"Obligatory ""you can't park here mate"". Must've been some pretty strong stuff they dropped https://t.co/hgGYIwyoHd"
TadeuszGiczan,"Oh my, the ""Bombing of Voronezh"" meme has just come true. ""[Russian] Su-34, flying over the city of Belgorod, accidentally dropped air munitions,"" the Russian Defence Ministry confirmed."
TadeuszGiczan,"@Vokabre I just googled ""uber helicopter london"" screenshot :P I don't think they're a real thing"
TadeuszGiczan,"@Vokabre Yep, off to see my nan https://t.co/egGnYiq04H"
TadeuszGiczan,"@Wiki_Zalewska DziÄ™ki! PokaÅ¼e Å¼onie, Å¼eby miaÅ‚a nowÄ… fobiÄ™"
TadeuszGiczan,And below https://t.co/jd7STsGHGq
TadeuszGiczan,The joys of living on a high floor. You can see helicopters from above https://t.co/SCPcHg0sOr
TadeuszGiczan,@Vokabre Ever heard of the cargo cult? It's the tractor cult in Belarus. They do this at every other state event: https://t.co/OykPhZ6C68
TadeuszGiczan,"@paulhansbury1 @HurstPublishers Congrats Paul! And look forward to hearing about it at the Belarus conference, bring a few copies along:)"
TadeuszGiczan,"@DariuszGrabka If the war spills over into Belarus, I can already see Lukashenko's militia mounting machine guns on these tractors"
TadeuszGiczan,"@blinzka Officially Belarus only ships humanitarian aid to Africa and never weapons and yet somehow it's among the top 20 weapons suppliers globally. One can only guess how so. I wouldn't take this to court, obviously"
TadeuszGiczan,"@AntoniKrakowiak JeÅ›li chodzi o ten zestrzelony wczeÅ›niej, jest o tym na Wikipedii nawet: https://t.co/Bs7pW4zKYr
Ten z Sudanu to z ostatniej chwili, wiÄ™c nic wiÄ™cej nie wiadomo na razie"
TadeuszGiczan,Reminds me of one of the main tourist attractions in Mogadishu - the cockpit of another Belarusian Il-76 shot down over the city centre in the 2000s and still lying in the street. Selling weapons to warlords is a risky business https://t.co/SEa6eJKjug
TadeuszGiczan,@gigidiehard You quoted my point exactly
TadeuszGiczan,"@gonetrollinggif Had one as a kid, surprisingly gentle creatures"
TadeuszGiczan,"But isn't that a good thing? If Kyiv is no longer the ""mother of Russian cities"" from Russia's point of view, this should make the eventual break-up less painful for them"
TadeuszGiczan,"Now, I don't want to promote cultural stereotypes, but here a Minsk casino is giving away a tractor https://t.co/5ji0DYLsjP"
TadeuszGiczan,@J_Jaraczewski I must confess: I saw all the previous pictures and wow that was quick
TadeuszGiczan,"@AlexKokcharov @culturaltutor I don't think the post says it's Soviet. The way I see it, it's an illustration of ""old architectural styles rejected by Soviet Constructivism and Futurism"""
TadeuszGiczan,"@rhodanielson364 You dug a bit too deep here, it was simply Schalke's first game after the war started, and they had to cover their Gazprom sponsor logo with something"
TadeuszGiczan,@lekku_fetish One day definitely! As well as a good investment (or at least that's what I hope:P)
TadeuszGiczan,"@KruszynskiJakub Didn't know about it, globalisation at its weirdest!"
TadeuszGiczan,@KruszynskiJakub Might be a good riddle in 20 years:)
TadeuszGiczan,@NiekvdZ Well... you're not incorrect:)
TadeuszGiczan,Thought I'd share with you the latest addition to my little collection of football shirts because this one's really special (and Ukraine-related). Any guesses as to what's hiding behind the rather odd-shaped Schalke 04 patch? The clue is in the date (just blink if you knowğŸ˜‰) https://t.co/tCEIMDCaXE
TadeuszGiczan,@PolskiWariacik OminÄ™Å‚o mnie to
TadeuszGiczan,@Vokabre That's what I love Wikipedia for
TadeuszGiczan,"TIL that the Belarus-EU border crisis has a dedicated Wikipedia page presenting it as an actual conflict with warring parties, leaders and losses, which include Belarusian Foreign Minister Vladimir Makei â€  https://t.co/6i9erhBhfo"
TadeuszGiczan,"Russian news outlet Agentstvo noticed that in one of the videos of Putin's ""today's"" trip to the occupied territories of Ukraine, he said: ""There's Easter coming up, isn't it?"" which was muted in later versions. So whoever visited Ukraine, most likely did it last week, not today. https://t.co/kuyR6veO2p"
TadeuszGiczan,"@rupucinskis Can't say it looks particularly good, so good to know it's at least tasty:)"
TadeuszGiczan,"@GennadySimanovs Social problems aside, it's actually of the most interesting parts of Minsk architecture-wise
https://t.co/q0CqcwUloy"
TadeuszGiczan,@rupucinskis What is that extraterrestrial substance in the first picture?ğŸ¤”
TadeuszGiczan,@GennadySimanovs Fancy! I had to deal with the 1990s Avtaz when growing up
TadeuszGiczan,"@GennadySimanovs It's the classic 2000s Minsk schoolkid starter pack, or at least my version of it:)"
TadeuszGiczan,@lekku_fetish ^My lunch as a schoolkid basically
TadeuszGiczan,@pudlashuk Ğ’ĞµĞ»ÑŒĞ¼Ñ– Ğ¿Ğ¾ÑÑ‚Ğ¼Ğ°Ğ´ÑÑ€Ğ½Ğ¾Ğ²Ğ° Ğ²Ñ‹Ğ³Ğ»ÑĞ´Ğ°Ğµ ÑƒÑÑ‘ Ñ€Ğ°Ğ·Ğ°Ğ¼)
TadeuszGiczan,@pudlashuk Ğ£ÑÑ‘ Ñ€Ğ¾ÑĞ½Ğ° Ğ¿Ğ°Ñ‚Ñ€ÑĞ±Ğ½Ğ°Ñ Ñ‚Ğ»ÑƒĞ¼Ğ°Ñ‡Ğ°Ğ»ÑŒĞ½Ğ°Ñ Ğ±Ñ€Ñ‹Ğ³Ğ°Ğ´Ğ°. Ğ¨Ñ‚Ğ¾ Ğ·Ğ° Ğ¼. Ğ›ĞµĞ½Ñ–Ğ½ 16 ÑÑ‚Ğ°Ğ³Ğ¾Ğ´Ğ´Ğ·Ñ?
TadeuszGiczan,@pudlashuk Que?ğŸ¤¨
TadeuszGiczan,"@gunthera_mws Well spotted, I didn't notice it, it's even worse than I thoughtğŸ™„"
TadeuszGiczan,"Food for thought for cultural anthropologists: The Russian (or should I say Soviet?) occupational administration in Melitopol renamed the city streets today. Ukrainian Street became Soviet Street, with other streets renamed after Lenin, Karl Marx, Rosgvardia, and Daria Dugina. https://t.co/yMI0w88va4"
TadeuszGiczan,@mazoe71 Must be this one: https://t.co/qwW05KJC4q
TadeuszGiczan,@rochelimit2772 https://t.co/qXxLOxKKk2
TadeuszGiczan,"An indirect yet very good confirmation that even Russia's closest ally Lukashenko no longer believes in its victory. In the past few months, Belarus has started mass construction of new permanent border posts along the border with Ukraine. https://t.co/y1Py031mSK"
TadeuszGiczan,"Introducing UberSSR. The naming is a bit unfortunate, but this should become the new industry standard. https://t.co/miQ4BNSkdt"
TadeuszGiczan,@pudlashuk MuszÄ™ kiedyÅ› wyjÅ›Ä‡ ze swojej baÅ„ki
TadeuszGiczan,@pudlashuk Ojezu. ChoÄ‡ w sumie nawet ciekawe
TadeuszGiczan,"Just when we thought it couldn't get any more bizarre, the Russian state news agency RIA Novosti started regularly and unironically interviewing ChatGPT asking for its opinion on the Russian economy, the peace plan for Ukraine and the Ukrainian Orthodox Church among other things. https://t.co/D0me5TRTW5"
TadeuszGiczan,"It took a little while, but I think we've got a winner. Ukrainian border guards have set up a large projector on the border with Belarus, on which they are showing their Belarusian counterparts a documentary about Lukashenko's regime involvement in the war. https://t.co/KdR7StxFPd"
TadeuszGiczan,"Oh my. Russia's ICC-wanted children's rights commissioner Maria Lvova-Belova complained that her 'adopted' Ukrainian child from Mariupol would run after her other children, shouting ""I'll eat you, you little Moskal"" because that's the way Ukrainian children are raised. True story https://t.co/PQaPCXwCBC"
TadeuszGiczan,@SE_Shpakova Luka's son and his national security advisor
TadeuszGiczan,"On March 24, a day before the announcement of the deployment of Russian nuclear weapons in Belarus, the head of the French intelligence agency DGSE, Bernard Ã‰miÃ©, visited Minsk, Intelligence Online reports. He held talks with Viktor Lukashenko, but ""things didn't go as planned."" https://t.co/nm3mDu4Qtw"
RadioKate,"@RLyonsAuthor @MichaelRosenYes Ha! I have a small suitcase called Justin with some important documents. Itâ€™s my little pun so my loved ones know where to find stuff, just in case ;)"
RadioKate,@ThanksCancer Itâ€™s a great super power. Proud of everyone whoâ€™s had to face their fears and has responded by laughing (and swearing) and making others laugh. x
RadioKate,"@MarkReckons @brokenbottleboy I always loved walking around the big Paperchase on Tot Court Road with its art section and pen cabinet. There arenâ€™t words to describe my sadness itâ€™s gone, and my rage that it became â€œLife-size Monopolyâ€ event space."
RadioKate,Good morning! How are you feeling? Enjoyed garden time and sunshine again yesterday - makes such a difference. Might find time to sit out with the crossword today and enjoy it some more. Then Iâ€™m going to sprinkle poppy seeds around the trees at top of road. ğŸŒ± #StayBright https://t.co/8R54O3fZ1L
RadioKate,"@brokenbottleboy Thatâ€™s a badge of honour not an insult though, right? Good stationery is a simple source of joy and should be embraced."
RadioKate,My excuse for being distracted is that I did some gardening and created a vase of flowers for my room. Spring is finally here. :) https://t.co/MlHwEcZ7dT
RadioKate,Good morning! How are you feeling? I forced myself out for that overdue run and Iâ€™m back enjoying coffee and the garden. Going to collect up some forget-me-nots and pop them in a little vase. Ooops - apparently got distracted by sun and garden. #StayBright https://t.co/JTuwXqwMJn
RadioKate,@brokenbottleboy Wowser.
RadioKate,"Good morning! How are you feeling? My garden has sprung into life in a somewhat ramshackle manner, but k rather like itâ€™s carpet of forget-me-not and bluebells, interspersed with daffodils and tulips. Itâ€™s just cheerfully doing itâ€™s own thing. Respect. #StayBright https://t.co/q7HkJiOtnU"
RadioKate,I grew myself a bunch of flowers ğŸ˜Š https://t.co/u9GI3jUWIa
RadioKate,"Good morning! How are you feeling? Iâ€™ve not run in a while which is naughty - donâ€™t let me get away with it. Have to make it a proper habit again. Enjoying my haul of fruit from the market - strawberries for breakfast, mango for lunch! #StayBright https://t.co/XV2UJWs9Fe"
RadioKate,@RishiSunak @10DowningStreet https://t.co/KJPbG1Byb5
RadioKate,"Good morning! How are you feeling? Itâ€™s another Penny Drop day for me, so if youâ€™re in London and fancy a cuppa let me know. :) Sad for @ispace_inc who got close but didnâ€™t quite manage to land softly on the Moon yesterday. Waiting for a blood test. Fun fun. #StayBright https://t.co/wON6TTiUiF"
RadioKate,"Good morning! How are you feeling? I canâ€™t look out to the sea today, but my daffodils, tulips and forget-me-nots look cheerful in the sunshine. ğŸ˜Š Enjoyed celebrating women in science in Parliament last night, hereâ€™s a cheeky lion. #StayBright https://t.co/PmPvFrFnHI"
RadioKate,"@Brannigand @LOrealParisUK @UNESCOUK @jesswade I think so, yes!"
RadioKate,Finally made it off the coach and into the @LOrealParisUK @UNESCOUK Women in Science Rising Talent Awards! #FWIS25 #ForWomenInScience https://t.co/OyBajyDsmo
RadioKate,"Good morning! How are you feeling? Iâ€™m just starting an 8.5 hour coach trip back to London. Made it as far as Penryn. Have much enjoyed my break from London, and Falmouth is lovely. Might be back here later asking for help with the cryptic crosswordsâ€¦ #StayBright https://t.co/tF4s5cf17b"
RadioKate,@KatherineGHobbs Btw - as agreed by a committee of excellent Kates - the name for a group Kates is â€œan awesomeâ€. :)
RadioKate,@KatherineGHobbs @DrBrianKeating Now I just need to start KateCast so you can be one of the podcasts guests :)
RadioKate,"Good morning! How are you feeling? Itâ€™s pouring with rain here, so indoor DIY time. Attempting to rewire a cabinet. Back to the big smoke tomorrow so last chance to enjoy the sea air - when/if the rain stops and Cornish rocket beer! Have a good Sunday and #StayBright https://t.co/XZOXm8UrvS"
RadioKate,@KatherineGHobbs @DrBrianKeating Instant follow
RadioKate,@chrisapplegate You and @MarcSettle are on the same page!
RadioKate,Did a double-take at this news alertâ€¦ https://t.co/tgs8sR1mW5
RadioKate,"Good morning! How are you feeling? We had a lovely clear sunny day yesterday, but today is torrential rain. Glad I went for my walk to the beach yesterday! Found a very cute little house(?) along the coast, and this even cuter bench plaque. All the feels. #StayBright https://t.co/djQOpbdCBO"
RadioKate,Good morning! How are you feeling? Eid Mubarak if youâ€™re celebrating today. Lack of curtains means Iâ€™ve been enjoying sunrise the last few days - itâ€™s quite lovely. Almost the weekend - yay! #StayBright https://t.co/BYH4KSuMup
RadioKate,@mohsin Itâ€™s today? Eid Mubarak - have a lovely day!
RadioKate,"@DerkHat Oh dear, sorry Del. Hope you donâ€™t feel room bad and it passes quickly. Was thinking of you as I looked at some shirts in a retro charity shop in Falmouth the other day. Sending â€˜get wellâ€™ wishes x"
RadioKate,"@TumsMakwela @Gailee99 @ThanksCancer I remember dashing to answer the door to the postie in my pjs, and he looked a bit shocked. â€˜Surely youâ€™ve seen people before they got dressedâ€™ I thought, then realised I was holding a drain bottle half filled with blood with the tube coming out of the bottom of my pj top! ğŸ˜³"
RadioKate,@GilKarout @ThanksCancer @Gailee99 Like when I went for my first scans I was more worried about being naked in front of people than about the potential for it being cancer (even with the feeling it probably might me).
RadioKate,"@Psythor I donâ€™t think the point of the test was for it to blow up, but I get your point. Big difference between SLS â€˜testâ€™ flight and Starship test though in terms of expectations of success - so you have to consider context in which â€œtestâ€ is used."
RadioKate,"@Watching_events @Psythor @mjrobbins It wasnâ€™t going to do a full orbit, almost an orbit but not quite. But yes, had it done that, and survived re-entry without breaking up, that would have been pretty incredible. Leaving the launch pad was as much as Elon hoped for."
RadioKate,Good morning! How are you feeling? Getting set for some big space action today (hopefully) there will be a Starship launch later. I found the sea yesterday and spent some time just watching the waves (and running away when they crept up on me). #StayBright https://t.co/RDb4X7O6AL
RadioKate,@Polly_Heck Weather is much better today! ğŸ˜ğŸ¦ğŸ¨
RadioKate,"@Gailee99 @ThanksCancer ğŸ’¯ Spent my time giggling about lots of crazy things. Like how fast I went from being super shy about being half naked, to getting used to just flashing my boobs to all sorts of (medically trained) strangers!"
RadioKate,@ThanksCancer @Gailee99 I had the big pants too - and pretty sure I also laughed and photographed them!
RadioKate,@ThanksCancer This sort of made me laugh.. the patient loos in the nuclear medicine department - â€œno entry except authorised personsâ€. https://t.co/VU7gC35Llk
RadioKate,Useful reminder https://t.co/G4FQVqRrj5
RadioKate,@Polly_Heck An ice-cream crawl? YUM! I like that idea very much - though it was a bit blustery today for ice-cream. And I got chased by the sea!
RadioKate,@richardkendall Yes - I think so! Though maybe I need to leave some of the jobs to be done here so I have my first customer!
RadioKate,"@Toby_Johnson Yes it really is! This is my first time here, helping friend move in, and I like the vibe so much. Let me know if you make it here! :)"
RadioKate,Good morning! How are you feeling? Iâ€™ve been out to get DIY and general supplies to make further progress moving friend into new home. Genuinely considering having a Cornish summer as an odd jobs handy-woman! #StayBright https://t.co/S5ZGO7vclK
RadioKate,@DocClaireP Falmouth!
RadioKate,"@DocClaireP Isnâ€™t it just! My first visit and I was amazed to go from Lego, to boogie boards, to guitars in three steps - and it got all the more interesting and unexpected from there on in!"
RadioKate,@japharl Hope youâ€™ve got some antihistamines to soothe the allergies
RadioKate,@rocketman528 Oh lovely! Eat ALL THE TAPAS for me!
RadioKate,Good morning! How are you feeling? Iâ€™m enjoying being by the sea and having a break from London. Lots of crafty and arty people here so itâ€™s nice to see what theyâ€™ve made. This friendly felt lion caught my eye yesterday! #StayBright https://t.co/m8ECT62vwZ
RadioKate,"@LeviathanLx @lindsguist @MattBinder And the BBC in UK. Interestingly not seen anything on Al Jazeera, which is owned by Qatar IIRC"
RadioKate,@BSS57 Funnily enough Tragos does also sell a cheeseboard that is so small one can only assume it was made for this robot. https://t.co/4QFyDEwhVj
RadioKate,@kejames Donâ€™t tempt meâ€¦
RadioKate,@c_dave And indeed shredder lubrication sachets (who knew!) or â€œDomes of silenceâ€! https://t.co/mdSAdDifDH
RadioKate,*Rescuing!
RadioKate,"Good morning! How are you feeling? I found this piece of boating hardware as I was wondering around Cornish wonder-shop Tragos, and it looked like a slightly despondent robot. I think I have a tendency to anthropomorphise things..! (Hence reaching â€˜sadâ€™ furniture!) #StayBright https://t.co/r7RBtvOkCz"
RadioKate,@Brannigand I imagine there must be? But not seen an RNLI shop yet. My friendâ€™s mum volunteers in the one in Penzance :)
RadioKate,"@danfalk Iâ€™ve been thinking of you - I popped into an awesome bookshop/bar(!) and look what I found! (We were dashing for dinner reservation, but shall buy it next time they are open!) https://t.co/wch8uaxo38"
RadioKate,@mr_omneo Yes it is! It was actually my first place to visit! Loved it.
RadioKate,"Good morning! How are you feeling? Much enjoyed exploring Falmouth yesterday, and then back at it with unpacking things. Rainy here today but the misty view across the river to the headland is spooky and kinda awesome! #StayBright https://t.co/mK3phSpbd2"
RadioKate,@brookeflevill @kevie_a @NASASpaceflight As in noon? 12:00? Just checking as some people accidentally call midnight 12pm!
RadioKate,@abantock Falmouth! Helping my best friend move into his new place down here - and tempted to stay forever!
RadioKate,"@IanMcGowan10 It is indeed! Good spot. It was raining when we got off the train yesterday, but lovely bright morning today. :)"
RadioKate,@Brannigand Falmouth!
RadioKate,"Good morning! How are you feeling? Yesterday was looooong! Sleeper train, interview, #ESAJuice launch, space sloth, unpacking boxes, making a bed, making the bed, eating amazing Indian food, bar in a bookshop, and now sunshine on the terrace. Grand. #StayBright https://t.co/aBLqXJZZ7o"
RadioKate,"@Thievesbook Honestly I would sort of love that, because obviously youâ€™d get to do it again!"
RadioKate,@RashmiSudiwala I wish! Iâ€™m in Cornwall actually :)
RadioKate,ROCKET LAUNCH ALERT! 3 minutes until #ESAJuice launches and starts long journey to Jupiter. Watch live: https://t.co/nDMWGCCaIU
RadioKate,@NickAstronomer Was thinking the sameâ€¦ shame.
RadioKate,"Good morning! How are you feeling? I think itâ€™s fair to say that I am officially tired. Sleeper train was fun, but I was too excited to sleep! Ha. Interview done, maybe time for a nap before ESA Juice launches. #StayBright https://t.co/o0cjbWKvoG"
RadioKate,@kejames Itâ€™s a delight! Shame itâ€™s a bit grey now weâ€™re arriving. But Iâ€™m still smiling! :)
RadioKate,"Being gently rocked to sleep on the train. Canâ€™t tell whether to embrace the tendrils of much-needed sleep, or stay awake to enjoy the thrill of being tucked up in bed on a train. A bit of the latter while the tendrils take hold I think. Blissful."
RadioKate,@brokenbottleboy No way I could have afforded my cancer treatment over thereâ€¦
RadioKate,@Brannigand Went with coffee and was pleased to re-meet @Simba_LeMoine :)
RadioKate,"@ThanksCancer @PhoenixDfire That is so special - and so wonderful. Massive hugs. Iâ€™m sorry you lost her so young. I was 24 when I lost mum. Thanks cancer ğŸ™„. She always said everything happens for a reason, and so I try to be there for people who lose their mums. Itâ€™s the most positive thing I can do.."
RadioKate,"@penfriendrocks Haha - sounds like me and running. Hate it, but itâ€™s good for me.. grr."
RadioKate,"@PhoenixDfire @ThanksCancer So sorry to hear this. Be kind to yourself and allow yourself space and time to grieve. Youâ€™re part of â€˜special clubâ€™ now - worst club, most expensive entry fee, but we look out for each other. Lost my mum in 2004, so I do my best to live for both of us now."
RadioKate,"@im_jdasilva My favourite barista was outside, so I didn't get my special hot choc with espresso magic thing he made me last time. Coffee welcome though. :)"
RadioKate,Hungry and waiting to be stabbity-jabbed. Then Penny Drop time - hot choc or cappuccino today..?
RadioKate,@ArianeSherine Reminds me of an amazing response from a friend after showing messages I got on a dating app (from guy who refused to use capitals): â€œFucker be using four dot ellipses FFSâ€. Made me laugh. Bullet dodged.
RadioKate,"Good morning! How are you feeling? I woke at 3am, again, probably because I was worried about sleeping through my alarm and missing radio interview! Day of jabby needles, so a trip to the Penny Drop in order too. Walked through sunshine with rain last night - rainbow! #StayBright https://t.co/orbJcXCyGl"
RadioKate,"@25deadbatts @brokenbottleboy I find it hard to wake up in the morning, so I find the rage it often induces helpful in shaking off slumber!"
RadioKate,@ctimmermann @frankendodo @Nic_ky___R - I donâ€™t suppose you know?
RadioKate,@brokenbottleboy Iâ€™ve always found Thought for the Day much better at getting me moving (away from radio) than any morning alarm.
RadioKate,@PaulChantler @elonmusk Owch.
RadioKate,@sciencebase Be careful! Donâ€™t push yourself too much if injured.
RadioKate,"Good morning! How are you feeling? I took a melatonin tablet last night and slept right through for the first time in.. ages! Grateful for the morning sunshine, it makes such a difference! Have a good day and #StayBright https://t.co/pSHlfwIgKT"
RadioKate,@DhtPastoral @MichaelRosenYes Strong magnet and string? Key fishing?
RadioKate,"Good morning! How are you feeling? I think itâ€™s going to rain later, which means I canâ€™t put off my run too long this morning. Lots to get done today, hope I can be efficient and productive, and not succumb to a nap after my insomnia! #StayBright https://t.co/GFWPVTZ8Rw"
RadioKate,@MichaelRosenYes Breakfast first - steel yourself
RadioKate,"Go away insomnia, you are not welcome here."
RadioKate,@YasserM86 Thanks - and Ramadan Kareem :)
RadioKate,@YasserM86 What date do you think Eid will fall on this year?
RadioKate,I mean the first sentence is a good one. I often tell people to use a voice memo app to record their parents or grandparents telling stories of their youth. Youâ€™ll have the story and their voice. The rest of this is a Black Mirror nightmare. ğŸ˜§
RadioKate,"Good morning! How are you feeling? Shame about the rain, but thatâ€™s a good excuse to enjoy coffee and crossword inside. Lovely evening out last night with great company and delicious dinner. Always like the lights in Carnaby St. #StayBright https://t.co/0aRQkT6VSL"
RadioKate,@chrisapplegate ğŸ˜²ğŸ˜²ğŸ˜²
RadioKate,"@keewa @marcusjdl @JournoSchool Yes yes - I am fully aware of this, and itâ€™s a massive issue. Iâ€™m just saying that there are a few of us who got there against the odds."
RadioKate,@jaggeree @mrmarksteel @melankkolia @ebtg Thatâ€™s tough. Sending you good vibes. I found it helped to give stuff away to people on Freecycle where I could. Something about seeing the joy that someone else would get from mumâ€™s things made it easier to let them go.
RadioKate,"@marcusjdl @JournoSchool Well indeed, but thatâ€™s another issue, that basically comes back to the first.."
RadioKate,FAO @marcusjdl
RadioKate,"@marcusjdl @JournoSchool I mean yes and no. There is a huge issue around class and diversity in journalism, but not everyone who went to Oxbridge came from privilege."
RadioKate,"@Scotontherock5 @rocketman528 @TonyChocolonely Yes! I understand the idea behind the uneven â€˜squareâ€™ size, but it doesnâ€™t help me when I think â€œokay, one little bit moreâ€ and I break off a huge chunk!"
RadioKate,"@rocketman528 Fix that, pronto!"
RadioKate,@Scotontherock5 @rocketman528 @TonyChocolonely Ooh that sounds yummy! I just finished a bar of theirs!
RadioKate,@brokenbottleboy @drkatedevlin Just seeing this - hope youâ€™re okay - both of you xx
RadioKate,Run done. Can tuck into chocolate and feel like Iâ€™ve earned it. :)
RadioKate,@seis_matters Certainly hope you found chocolate at the end of that!
RadioKate,"@MoAwesomeSauce Itâ€™s.. so-so at the mo, but hoping for brighter days as spring is now here x"
RadioKate,@MoAwesomeSauce @beingmusab @ZamanX90 @gazly @arshadnajudeen @ahamednishadh @PolRotiya Hope youâ€™re keeping well! Ramadan Kareem! x
RadioKate,@mrjamesob Either way if thatâ€™s the worst sheâ€™s ever had to endure then she could do with a stroll in my shoes for a bit.
RadioKate,"@drwilding Oh dear, just about to give it a goâ€¦ ğŸ˜¬"
RadioKate,Oh FFS
RadioKate,Good morning! How are you feeling? I decorated some eggs a while ago and wondered what to do with them. Iâ€™ve hung them in the young cherry trees at the top of the road. Wonder if anyone will notice! (Iâ€™ll watch the street WhatsApp with interest ğŸ˜‚) Happy Easter. #StayBright https://t.co/wrVPwFEirc
RadioKate,"@petern06 Well, I am not certain Iâ€™ll do it in a large scale, but I might patch up some areas that need urgent attention at least"
RadioKate,@ThanksCancer https://t.co/AkZeVv6cDm
RadioKate,"Good morning! How are you feeling? I am pleased that it hasnâ€™t rained overnight, as I left the washing out and then dreamt there was a downpour! Nice to see the bulb starting to grow and even flower in some cases. #StayBright https://t.co/taNWzeM7u0"
RadioKate,"@CorArdens But I did it, so - yayay!"
RadioKate,@petern06 I need to take out all the concrete stuff between my bricks and replace it with breathable lime. Eek!
RadioKate,@RoddyJenkins DIY and gardening I think!
RadioKate,@CorArdens Thank you! It didnâ€™t feel too bad until the end bit when I was soooooo bbbooorrreeddd!
RadioKate,@RoddyJenkins Thank you!
RadioKate,"Woohoo - did the dreaded run! Really is so boring, but I managed 5k today, huzzah!"
RadioKate,@Kevmacd Would have been a very powerful drone to lift that lot! Wouldnâ€™t be happy with that flying above me!
RadioKate,@alrightPET @noodlemaz Brilliant. Thank you for the chuckle.
RadioKate,"@aliciacurry_ @myldn Yes, you can."
RadioKate,@Sarah_Woolley @MistinguetteCat Oh! Are you okay? x
RadioKate,@MistinguetteCat @Sarah_Woolley Oooh Havana! Enjoy!
RadioKate,Good morning! How are you feeling? I just took delivery of 175kg of lime mortar. Repointing - a new skill to learn. Just watch the ambulance helicopter in action nearby - very much hope whoever it collected is okay. Helicopters are quite awesome. #StayBright https://t.co/xIRsSnnUwb
RadioKate,Just seen ambulance helicopter seemingly looking to find a place to set down near Wood Street. Hope itâ€™s not another stabbing. Hope everyone is safe. Actually seems to be landing near Shernhall street. #Walthamstow @stellacreasy
RadioKate,@_Jessification_ @SpaceKate Just let me know what you need and Iâ€™m on it :)
RadioKate,@lawally78 Senior Content Designer
RadioKate,"@Trinifood @Oprah Cancer-wise hopefully(?), touchwood. Hormone treatment-wise, still trying to find something that has right balance of â€˜keep cancer awayâ€™ and â€˜menopause madnessâ€™!"
RadioKate,"Good morning! How are you feeling? I scored a job interview, but looked again at details and they appear to be paying Â£20k+ below industry average. Glassdoor reviews not sparkling either. Should I do the interview for practice? Disappointed but going to #StayBright https://t.co/yskoH9VUrP"
RadioKate,"@Trinifood @Oprah Mine were anti-cancer meds, which forced a sudden menopause and boy oh boy did that hit me like several tonnes of bricks! Not even allowed HRT. :("
RadioKate,@Trinifood @Oprah Strong agree. My meds put me suddenly and very brutally into a biochemical menopause and I was given no warning of any of what was going to come. I felt like Iâ€™d gone crazy.
RadioKate,@_Jessification_ Am I allowed to tag my alter-ego @SpaceKate? ;)
RadioKate,"@Scotontherock5 Here if you need to talk, or just want pictures of kittens and penguins. :)"
RadioKate,@PaulGuinnessy Argh.
RadioKate,"@porkerandpodge Ooh - yeah you could go to the visitor centre, take a look in advance in case they have any interesting tours you can book on. Oh and be sure to visit Anomaly Brewing in Houston - set up by ex-NASA folk!"
RadioKate,"Good morning! How are you feeling? Itâ€™s run day today so I have to psyche myself up for that. I still feel chilly, to my bones, so thatâ€™s not helping! Finished off another furniture rescue project yesterday, huzzah! #StayBright https://t.co/P0q6tR9uxK"
RadioKate,@katebevan He did what?!
RadioKate,@WamwariW 100%
RadioKate,"The irony of seeing this a week after the final broadcast of @DigitalPlanet. @bbcworldservice - itâ€™s not too late to correct this, is it?"
RadioKate,"@gav Well if you need a hand, let me know. Happy to jump in and the deep end :)"
RadioKate,@Thievesbook It is indeed!
RadioKate,"Good morning! How are you feeling? Had a chat in BBC Scotland about the bankruptcy of Virgin Orbit then some coffee. Possibly should have done that the other way round, heh. Chilly but with sunshine! Hello sunshine! :) #StayBright https://t.co/Iec7HbpPYC"
RadioKate,@Joi_the_Artist Yay for chocolate at least x
RadioKate,"@christapeterso During my undergrad lab project I had other hobbies and my lab supervisor made my life hell because of them, so I left science."
RadioKate,"Good morning! How are you feeling? The sunshine is shining through the window, but it was freezing when I woke up! Nice to catch up and eat toasties with @Brannigand yesterday. In honour of our trip, hereâ€™s some friendly cheese! #StayBright https://t.co/z78rapqWtC"
RadioKate,@dansumption Yep! This. Though I did start wearing my big headphones in an open plan office after a number of times where I was seemingly ignoring people talking to me while listening to classical music on headphones they couldnâ€™t see - and jumping out my skin when I was tapped on shoulder!
RadioKate,@Pandamoanimum @katebevan Haha - literally just tweeted from my @spacekate account to be clear I do not pay for mine!
RadioKate,@HeatherDoranDr And back gardens! :)
RadioKate,"@DerkHat Cut-throat razor and relaxing donâ€™t feel like they belong in same sentence, but Iâ€™ve heard others rave about this too!"
RadioKate,"Good morning! How are you feeling? I managed to force myself to run yesterday and did my first 5k in a while. Then caught up with a dear friend, so it was a good day all round. How is your weekend? #StayBright https://t.co/VamadSHpxB"
RadioKate,"@jono_pce @alomshaha @3_esse If you built a rotating space station in your school holidays I would be very, very impressed!"
RadioKate,@GarethM @digitalplanet @billt @GBoddington To be treasured for sure x
RadioKate,@Thievesbook @KeithMansfield @chrisapplegate Never Let Me Go
RadioKate,"@drkatedevlin What?! That sucks. Sorry to hear about the landlord, and the delays, glad there is gin."
RadioKate,@BBCSteveR @bbclysedoucet I often wonder how youâ€™re doing. When I hear your reports and think about the situation youâ€™re in I wonder how youâ€™re feeling about it all and how hard it must be for you. I do hope youâ€™re okay.
RadioKate,@KeithMansfield @chrisapplegate Haha - thatâ€™s the local comp!
RadioKate,@KeithMansfield @chrisapplegate Oh! Think thatâ€™s the posh school up by the forest (which makes sense given the name!)
RadioKate,Good morning! How are you feeling? Great to see @KeithMansfield for some BFI film fun (though not the cheeriest of films!) and catch up with @chrisapplegate too. Glad to see the skateboarders still enjoying the Southbank. Happy weekend! #StayBright https://t.co/a29JTcxblV
RadioKate,@kejames You over achiever! ;) Pleased to hear it and hope your results and recovery continue positively. xx
AshleyRTrawick,Finally going to watch â€œPraise This.â€
AshleyRTrawick,@DaricCott THIS HAIR. Looove!
AshleyRTrawick,BeyoncÃ©â€™s â€œDonâ€™t Hurt Yourselfâ€ with Jack White.
AshleyRTrawick,"When I was first introduced to Rege-Jean Page, his character pissed me off. Thatâ€™s how I knew he was GOOD."
AshleyRTrawick,@ScottieBeam I love it lol.
AshleyRTrawick,This is such a good and thought-provoking thread. ğŸ”¥
AshleyRTrawick,@Christopholus22 https://t.co/HauDXpG63y
AshleyRTrawick,https://t.co/O2T7mL8F2o
AshleyRTrawick,@MrDaMention Yesss! You will catch a LOT that you missed the first time around.
AshleyRTrawick,The â€œInsecureâ€ rewatch hits so differently now. Manâ€¦
AshleyRTrawick,Bokeem Woodbine deserves more.
AshleyRTrawick,"@55mmbae Chile, let me start rewatching this show again. Iâ€™m on the edge of my seat, thanks to the thread. ğŸ˜‚"
AshleyRTrawick,@55mmbae The funny thing about this tweet is it really could be about anybody lol.
AshleyRTrawick,"@MikeHamiltonJr Exactly. If I hear anything about a SERIES anything, somebody is catching a fade."
AshleyRTrawick,@MikeHamiltonJr Correct.
AshleyRTrawick,The season FINALE of â€œGrand Crewâ€ aired last night. Didnâ€™t the season just start?!
AshleyRTrawick,@brokeymcpoverty Yesss! Happy birthday to my favorite!!!
AshleyRTrawick,"I just bought four new tires. This is the type of grown life we begged for as kids?! I know Iâ€™m blessed, but this is RAGGEDY!"
AshleyRTrawick,@Melissa_Kimble Drives me NUTS.
AshleyRTrawick,LOVE THIS FOR YOU!
AshleyRTrawick,"@keywilliamss I may have a resource or two for you. I may be DMing you by tomorrow, and of course, Iâ€™ll send ANYTHING I see your way that you may be interested in."
AshleyRTrawick,"@keywilliamss Keyyyy, oh goodness. Iâ€™m so sorry, friend."
AshleyRTrawick,https://t.co/745GGwbHp7
AshleyRTrawick,I love Ludacris with my whole being. Canâ€™t wait for the day when I tell him how much his artistry has meant to me.
AshleyRTrawick,"@petermckinnon Oh nooo, Peter. Iâ€™m so sorry. ğŸ«¶ğŸ¾"
AshleyRTrawick,"I missed this! OMG! Iâ€™m so excited for this, Bassey!!"
AshleyRTrawick,How he gonna act like that? ğŸ™ƒ
AshleyRTrawick,"This was so, so sweet and necessary to see."
AshleyRTrawick,@SheaSerrano YAY SHEAAAA!! CONGRATULATIONS!!
AshleyRTrawick,@therobmilton Her veranda de soleil lol.
AshleyRTrawick,Just scored a couple of Stevie Wonder vinyls. I am HYPE.
AshleyRTrawick,"@thisiskashmir I'd explore that. Also, I bought my Mac laptop through QVV/HSN. I just paid on it for a few months in 2020. That could also be an option!"
AshleyRTrawick,@thisiskashmir Could you buy Refurbished (through Apple only)?
AshleyRTrawick,"@neuenegro Juke Joint is MY jointttt! Come on, taste!"
AshleyRTrawick,@arzleemusic Another good one!
AshleyRTrawick,@therobmilton You be knowin'.
AshleyRTrawick,"Everybody went up for Fatty Koo's ""Chills,"" which is absolutely a great song. But we need to talk about ""Lust."""
AshleyRTrawick,"@rashidapowell WHAT?! OMG. I'm so, so sorry."
AshleyRTrawick,NOOOO! R.I.P. to a legend.
AshleyRTrawick,Congratulations to @crissles and @HeyFranHey for their @TheWebbyAwards for Best Entertainment Podcast!!! #InsecuriTEA
AshleyRTrawick,@ChristineFox Because SCIENCE. https://t.co/bUiCylAD1w
AshleyRTrawick,"Happy birthday, boo!! You my fav. Donâ€™t tell nobody lol. @rhodes_dawn"
AshleyRTrawick,@ItsTamone I thought it was after a street or something. You just made me look for the series on YT to find out. https://t.co/1URPfxBam0
AshleyRTrawick,@GoldingGirl617 You nailed it with that tweet.
AshleyRTrawick,"@HeyFranHey Wishing you the happiest of birthdays, Fran!!"
AshleyRTrawick,"@DestinyDreadful IKTR! I think MSNBC would know they'd be shooting themselves in the foot with that, especially with 2024 coming up."
AshleyRTrawick,It took that long? Mm.
AshleyRTrawick,@Yamiche This is wonderful! Congratulations!
AshleyRTrawick,@ReaganGomez Happy birthday to the queen of our TV screens!
AshleyRTrawick,"And the â€œSorry (Demo)â€ version? Whew, she ate that. â€œAsk you somethinâ€™, then you choke up.â€ COME ON. https://t.co/XvOPZbrXnq"
AshleyRTrawick,@naima They have been LIVING this past year. We love to see it.
AshleyRTrawick,"This album = game changer for me, personally. Just â€œDonâ€™t Hurt Yourselfâ€ alone always, ALWAYS serves as a reminder for me to remember who the f**k I am, and for that, Iâ€™m grateful."
AshleyRTrawick,@shanellegenai YESSSSS! LFGGGG! ğŸ˜‚ğŸ™ŒğŸ¾ğŸ«¶ğŸ¾ğŸ«¶ğŸ¾
AshleyRTrawick,@iamMelsmith This makes me even more excited to see her this and Luda this week.
AshleyRTrawick,"@thejhaswilliams Awww congratulations, sis!!! This is so pretty. ğŸ«¶ğŸ¾ğŸ«¶ğŸ¾"
AshleyRTrawick,I hate it when the guest pastor is not guest pastoring. https://t.co/65cXWiJaXT
AshleyRTrawick,Iâ€™m determined to see a few of our music legends this year and next while theyâ€™re still here. Seeing the Isley Brothers woke that up even more.
AshleyRTrawick,@shanellegenai Shooters shoot! Yâ€™all having breakfast yet?! ğŸ‘€
AshleyRTrawick,@just_juanie OMGGGG yessss! Congratulations! I really wanna take your class now.
AshleyRTrawick,"There are so many twists and turns when it comes to jazz music (vocal). When I got to the end of â€œGuess Who I Saw Today,â€ yâ€™all shouldâ€™ve seen my face. I, too, had never been so shocked before. ğŸ˜‚"
AshleyRTrawick,@KirkWrites79 ğŸ¥¹ğŸ™ŒğŸ¾
AshleyRTrawick,@Felonious_munk ALRIGHT
AshleyRTrawick,@HuffMatt @DaricCott
AshleyRTrawick,@blkcreatives Thank you!!! â¤ï¸â¤ï¸
AshleyRTrawick,"@ThisIsTheRead We love you, @KidFury! Wishing you well. We'll still be here when you return.â¤ï¸"
AshleyRTrawick,@bannedyoangel Girlllll. I mean they are UP there.
AshleyRTrawick,"Need a copy editor? I'm available for hire. 10+ years. AP Style, mostly. Remote preferred. Contract or full-time. Can start on or after May 3rd. Portfolio: https://t.co/61ZQJmY6lt. DMs are open. Thank you!"
AshleyRTrawick,I would not mind a Samara Joy album full of *pop* covers.
AshleyRTrawick,I have to see this young lady this year. I will fly SOMEWHERE to see her; I don't even care.
AshleyRTrawick,Samara Joy deserves everything.
AshleyRTrawick,@shanellegenai https://t.co/ydRAPQBSdN
AshleyRTrawick,@RantingOwl Her priorities are already in the right place. A good fit is not to be wasted!
AshleyRTrawick,"@MikeHamiltonJr @BET @betplus I will never understand their direction of uploading performances online, either on their platform or on YouTube. They're sitting on archived GOLD and aren't doing anything with it."
AshleyRTrawick,@just_juanie I'm so sorry.
AshleyRTrawick,"There's so much happening, and it JUST hit noon."
AshleyRTrawick,BuzzFeed News shutting down is really mind-blowing.
AshleyRTrawick,The spam on IG has gotten to be waaay too much. Had to lock my account SMH.
AshleyRTrawick,@35mmPapi SAME.
AshleyRTrawick,@35mmPapi I definitely signed up a few minutes ago. https://t.co/EOUELL5Ans
AshleyRTrawick,Am I about to watch the finale again? Absolutely.
AshleyRTrawick,"Whewww, my heart. Janine laid it out. #AbbottElementary"
AshleyRTrawick,"YESSS, JANINE! #AbbottElementary"
AshleyRTrawick,They still running around in the background! ğŸ’€ğŸ’€ğŸ’€ #AbbottElementary
AshleyRTrawick,"Not them stampeding over a CPAP machine! I am dyingggg! But Iâ€™m so glad Gregory finally said something. Janine is being avoidant, and she needs to get these feelings out. He a good man, Savannah! #AbbottElementary"
AshleyRTrawick,Melissa giving this volunteer so much crap is hilarious! #AbbottElementary
AshleyRTrawick,"Lord, Tyler looking fine in this green. Sheesh lol."
AshleyRTrawick,The train song OMGGG. ğŸ¥¹ğŸ¥¹ #AbbottElementary
AshleyRTrawick,Teena Marie was white. To you. ğŸ’€ğŸ’€ #AbbottElementary
AshleyRTrawick,Abbott timeeeee! ğŸ˜
AshleyRTrawick,@ShannonL_Miller OMG enjoy! I'm going next week!!
AshleyRTrawick,@BeckDeeMyG I'm convinced I need to do this. It's out of pocket.
AshleyRTrawick,@WannasWorld I donâ€™t think so.
AshleyRTrawick,I deserve ease.
AshleyRTrawick,@Checkthe_Rhymes @Mofochronicles â¤ï¸
AshleyRTrawick,@bannedyoangel https://t.co/aDRmn87pbd
AshleyRTrawick,@therobmilton IMMEDIATELY.
AshleyRTrawick,The math is literally not mathing!
AshleyRTrawick,@BeckDeeMyG ğŸ˜‚ğŸ˜‚
AshleyRTrawick,@thisiskashmir This perfectly describes how I feel about it.
AshleyRTrawick,@sheistyler https://t.co/5MP82BQ8Ed
AshleyRTrawick,The coldest.
AshleyRTrawick,@iamMelsmith Right?! I'd be so sad if it was the other way around lol.
AshleyRTrawick,"@NicTheEditor You think you me! I just filed an extension, since I'm still paying on back taxes. I just want to wrap that up until I file later this year."
AshleyRTrawick,Need this YESTERDAY!
AshleyRTrawick,"@iamKeithan Happy birthday, boo!!!"
AshleyRTrawick,"Netflix: Has technical difficulties with livestreaming the #LoveIsBlindReunion

Also, Netflix to my bank account last night: https://t.co/tz3EU0IDlW"
AshleyRTrawick,"What an odd reunion, overall. #LoveIsBlindLIVE"
AshleyRTrawick,Still donâ€™t care about Kwame and Chelsea. We can move on. #LoveIsBlindLIVE
AshleyRTrawick,@MsPackyetti Kwalex. ğŸ’€
AshleyRTrawick,Zack out here looking like a caveman lol. #LoveIsBlindLIVE
AshleyRTrawick,Vanessa is applying PRESSURE! Maybe she saw some of the tweets beforehand lol. #LoveIsBlindLIVE
AshleyRTrawick,Hohhh boyyyyyyâ€¦ #LoveIsBlindLIVE
AshleyRTrawick,This is so disappointing. How do you not show the most anticipated artist for this yearâ€™s festival?
AshleyRTrawick,@kidnoble Two Evilinas!
AshleyRTrawick,Marshallâ€™s face shows all types of confusion. #LoveIsBlindLIVE
AshleyRTrawick,Josh and Jackie are together?! Woooow. #LoveIsBlindLIVE
AshleyRTrawick,@RAVIEB @MsPackyetti It ainâ€™t edited for brevity at all! Lol.
AshleyRTrawick,I wish they would move on. This whole Paul/Micah situation is over. Let it be done. #LoveIsBlindLIVE
AshleyRTrawick,@thekrissychula Icons only.
AshleyRTrawick,"@ScottieBeam Completely unfair for you to be flaw free like this, Scottie."
AshleyRTrawick,"Ok, Irina. Girl, keep these fake tears.  #LOVEISBLINDreunion https://t.co/cOwcYG4O9r"
AshleyRTrawick,Bliss looks really pretty. #LOVEISBLINDreunion
AshleyRTrawick,@thejhaswilliams @netflix ğŸ˜©ğŸ˜‚
AshleyRTrawick,Words canâ€™t express how much I donâ€™t care about this Kwame and Chelsea/Micah situation. #LOVEISBLINDreunion
AshleyRTrawick,@_manifestingmel I just think we donâ€™t care about them lol.
AshleyRTrawick,@_manifestingmel Same.
AshleyRTrawick,"Ok, FINALLY!"
AshleyRTrawick,The episode wonâ€™t even open for me! ğŸ˜©ğŸ˜©ğŸ˜© @netflix
AshleyRTrawick,"Wait, the reunion is not playing for me! ğŸ˜©"
AshleyRTrawick,SKYLER.
AshleyRTrawick,"Netflix looking a loooot like the yellow laffy taffy, the booty piece of the bread right now."
AshleyRTrawick,"Iâ€™d hate to be in that morning meeting at Netflix tomorrow. Iâ€™d be calling owt. Too much chaos at the beginning of the week, you know? Canâ€™t start off the week like that. How about we table it til Thursday?"
AshleyRTrawick,Brett had to get his suit altered at the last minute.
AshleyRTrawick,@thejournalista Nope.
AshleyRTrawick,The reactions to the live reunion are taking me down. ğŸ’€
AshleyRTrawick,ğŸ’€ğŸ’€ğŸ’€
AshleyRTrawick,Doesnâ€™t Netflix know we got bed times?!
AshleyRTrawick,@_manifestingmel https://t.co/keja0BdpuN
AshleyRTrawick,I know whoever had watch parties for this reunion got to be UPSET right now.
AshleyRTrawick,@thegabhour ğŸ˜‚ğŸ˜‚
AshleyRTrawick,"@krissybdavis Chile, they said itâ€™ll be in 15 minutes."
AshleyRTrawick,https://t.co/jS10aHp5tK
AshleyRTrawick,"That Brett and Tiffany are still together and mostly, the mess between Jackie and Marshall."
AshleyRTrawick,Is Netflix not working properly with the live event?
AshleyRTrawick,Love Is Blind Reunion Time! #LoveisBlindS4
AshleyRTrawick,@TheKalenAllen Excuse me?! That thought never even crossed my mind. People are so miserable.
AshleyRTrawick,"Happy birthdays, boos!!!"
AshleyRTrawick,@shanellegenai I loooveeee!!
AshleyRTrawick,@naima Happy birthday to my fav!!!!!
AshleyRTrawick,@aarickawash At all!
AshleyRTrawick,@ashleygrahamtv ARE YOU KIDDING?!? Why did she even open her books like that?!
AshleyRTrawick,@ashleygrahamtv Yoooo! Itâ€™s crazy how many Black women have responded to this today. This is crazy.
AshleyRTrawick,"Canâ€™t wait to hear Insecure S5 - InsecuriTEA Podcastâ€™s #5WordSpeech ğŸ¤©! Theyâ€™re in 1st place, VOTE: https://t.co/xGT8xDArZ6 #Webbys"
AshleyRTrawick,@naima @strongblacklead AH SHITTTT! LET'S GOOOOOO!!!!!
AshleyRTrawick,@fineapple22_ GIRL. This is tragic. I'm SICCUD.
AshleyRTrawick,@heyitsbkay Ain't that some shit? ONE Saturday a month? UGH.
AshleyRTrawick,"My thoughts exactly, and their wedding should've been last to me or Chelsea/Kwame to keep up the suspense."
AshleyRTrawick,@naima I think so! (Spoiler: 3/4 ain't bad.)
AshleyRTrawick,"@thejournalista Shelby deserves the fade. Laughing while your friend is crying? Girl, bye. I hope when Micah sees that, she lets her go into the abyss."
AshleyRTrawick,@ChristineFox We can stick with that then! Lol.
AshleyRTrawick,@ChristineFox *Continue to stan. Typo. :)
AshleyRTrawick,Iâ€™m fascinated by this. â¦@vikkieâ©  https://t.co/d4kboof2G7
AshleyRTrawick,@ChristineFox I can do nothing but stan.
AshleyRTrawick,@MikeHamiltonJr You're still blocked?!
AshleyRTrawick,"@DaricCott It's crazy! I despise it; my stylist doesn't even work on Mondays or Saturdays. I'm all for creating your own schedules, but I need folks to be smart about this. I'd even take half a day on Saturdays!"
AshleyRTrawick,"Are there any Black women on here who have discovered a lot of these hair stylists no longer work Saturdays and only have business hours during the week when we're working? I've encountered this a couple of times now, and I find it a little odd."
AshleyRTrawick,@MindaHarts OMG I want this!!
AshleyRTrawick,@DaricCott It really is! Moon Girl is too. Thereâ€™s a couple more I need to check out on there; Iâ€™m just happy to see Black girls and pre-teens on shows again as main characters!
AshleyRTrawick,https://t.co/LfcK8hN0S4
AshleyRTrawick,"@BeckDeeMyG We ainâ€™t mean to not tell you. Itâ€™s been on the TL all day lol. But apparently, heâ€™s doing better!"
AshleyRTrawick,https://t.co/MR0gZF0c7L
AshleyRTrawick,I was OBSESSED with this song when it came out.
AshleyRTrawick,"I have dry skin. Everyday Humans Resting Beach Face Sunscreen Serum (for the face) is a Godsend. For body, I use SuperGoop Play Sunscreen."
AshleyRTrawick,BOOKED AND BUSY!
AshleyRTrawick,"OH, ABSOLUTELY."
AshleyRTrawick,"@thisiskashmir Precisely. I like Billy (sometimes), but even I know he shouldn't do this. NOBAWDY should be doing this."
AshleyRTrawick,Definitely praying for him. â¤ï¸
AshleyRTrawick,Barbara being more of her mother than her ACTUAL mother. All heroes donâ€™t wear capesâ€¦or name badges. #AbbottElementary
AshleyRTrawick,Janine setting boundaries with her mom. SO necessary. #AbbottElementary
AshleyRTrawick,Barbara looking out for Janine &gt;&gt;&gt;&gt; #AbbottElementary
AshleyRTrawick,"Thatâ€™s not how shooting the breeze works, Gregory! ğŸ¥´ #AbbottElementary"
AshleyRTrawick,Definitely. Mamaâ€™s acting strange.
AshleyRTrawick,Gregory singing Shanaeâ€™s name. ğŸ’€ #AbbottElementary
AshleyRTrawick,"@iamMelsmith Oh, I love to hear this, because I don't know WHAT ""Man of the Woods"" was (with the exception of the feature with Chris Stapleton)."
AshleyRTrawick,@thekrissychula I was JUST setting up my cart too! Lol.
AshleyRTrawick,https://t.co/ghnZv4KoEy
AshleyRTrawick,"@bunnisays Loved this! Congratulations, Bunni!"
AshleyRTrawick,"Oooh ""One and Only,"" ""Mine Again,"" ""I Wish You Knew"""
AshleyRTrawick,You know one person who Iâ€™m surprised does not hold EGOT status? Queen Latifah.
AshleyRTrawick,@tiffani @MindaHarts ALMOST lol.
AshleyRTrawick,@MindaHarts Thank you for joining us! So do we lol.
AshleyRTrawick,@shanellegenai I've definitely NOT watched it yet lol. But the plan is to start it tonight! I'll get back to you then.
AshleyRTrawick,@ReggieChatman Iono Reggie...the plot might be thickening lol.
AshleyRTrawick,https://t.co/zje6WbAeWP
AshleyRTrawick,@MikeHamiltonJr Pretty good. Temps have been somewhat comfortable today. You good up there? Lol.
AshleyRTrawick,"Usher's ""Moving Mountains"" is still SO GOOD."
AshleyRTrawick,@Protestia @naima Have you seen this? ğŸ˜­ğŸ˜­
AshleyRTrawick,@shanellegenai That's HIS church?! OH GOD.
AshleyRTrawick,"Waaaay too many, but my three (today) are Karma, Riot and Throw It Away."
AshleyRTrawick,@thejhaswilliams ğŸ˜‚ğŸ˜‚
AshleyRTrawick,My goodness. ğŸ˜
